dex_id,name,name_en,type1,type2,enabled,normal_form_path,shiny_form_path,normal_available,shiny_available,source_pokemon_id
0003,이상해꽃,Venusaur,grass,poison,1,0003,0003/0000/0001,1,1,3
0006,리자몽,Charizard,fire,flying,1,0006,0006/0000/0001,1,1,6
0009,거북왕,Blastoise,water,,1,0009,0009/0000/0001,1,1,9
0012,버터플,Butterfree,bug,flying,1,0012,0012/0000/0001,1,1,12
0015,독침붕,Beedrill,bug,poison,1,0015,0015/0000/0001,1,1,15
0018,피죤투,Pidgeot,normal,flying,1,0018,0018/0000/0001,1,1,18
0020,레트라,Raticate,normal,,1,0020,0020/0000/0001,1,1,20
0022,깨비드릴조,Fearow,normal,flying,1,0022,0022/0000/0001,1,1,22
0024,아보크,Arbok,poison,,1,0024,0024/0000/0001,1,1,24
0026,라이츄,Raichu,electric,,1,0026,0026/0000/0001,1,1,26
0028,고지,Sandslash,ground,,1,0028,0028/0000/0001,1,1,28
0031,니드퀸,Nidoqueen,poison,ground,1,0031,0031/0000/0001,1,1,31
0034,니드킹,Nidoking,poison,ground,1,0034,0034/0000/0001,1,1,34
0036,픽시,Clefable,fairy,,1,0036,0036/0000/0001,1,1,36
0038,나인테일,Ninetales,fire,,1,0038,0038/0000/0001,1,1,38
0040,푸크린,Wigglytuff,normal,fairy,1,0040,0040/0000/0001,1,1,40
0045,라플레시아,Vileplume,grass,poison,1,0045,0045/0000/0001,1,1,45
0047,파라섹트,Parasect,bug,grass,1,0047,0047/0000/0001,1,1,47
0049,도나리,Venomoth,bug,poison,1,0049,0049/0000/0001,1,1,49
0051,닥트리오,Dugtrio,ground,,1,0051,0051/0000/0001,1,1,51
0053,페르시온,Persian,normal,,1,0053,0053/0000/0001,1,1,53
0055,골덕,Golduck,water,,1,0055,0055/0000/0001,1,1,55
0059,윈디,Arcanine,fire,,1,0059,0059/0000/0001,1,1,59
0062,강챙이,Poliwrath,water,fighting,1,0062,0062/0000/0001,1,1,62
0065,후딘,Alakazam,psychic,,1,0065,0065/0000/0001,1,1,65
0068,괴력몬,Machamp,fighting,,1,0068,0068/0000/0001,1,1,68
0071,우츠보트,Victreebel,grass,poison,1,0071,0071/0000/0001,1,1,71
0073,독파리,Tentacruel,water,poison,1,0073,0073/0000/0001,1,1,73
0076,딱구리,Golem,rock,ground,1,0076,0076/0000/0001,1,1,76
0078,날쌩마,Rapidash,fire,,1,0078,0078/0000/0001,1,1,78
0080,야도란,Slowbro,water,psychic,1,0080,0080/0000/0001,1,1,80
0083,파오리,Farfetch’d,normal,flying,1,0083,0083/0000/0001,1,1,83
0085,두트리오,Dodrio,normal,flying,1,0085,0085/0000/0001,1,1,85
0087,쥬레곤,Dewgong,water,ice,1,0087,0087/0000/0001,1,1,87
0089,질뻐기,Muk,poison,,1,0089,0089/0000/0001,1,1,89
0091,파르셀,Cloyster,water,ice,1,0091,0091/0000/0001,1,1,91
0094,팬텀,Gengar,ghost,poison,1,0094,0094/0000/0001,1,1,94
0097,슬리퍼,Hypno,psychic,,1,0097,0097/0000/0001,1,1,97
0099,킹크랩,Kingler,water,,1,0099,0099/0000/0001,1,1,99
0101,붐볼,Electrode,electric,,1,0101,0101/0000/0001,1,1,101
0103,나시,Exeggutor,grass,psychic,1,0103,0103/0000/0001,1,1,103
0105,텅구리,Marowak,ground,,1,0105,0105/0000/0001,1,1,105
0106,시라소몬,Hitmonlee,fighting,,1,0106,0106/0000/0001,1,1,106
0107,홍수몬,Hitmonchan,fighting,,1,0107,0107/0000/0001,1,1,107
0110,또도가스,Weezing,poison,,1,0110,0110/0000/0001,1,1,110
0115,캥카,Kangaskhan,normal,,1,0115,0115/0000/0001,1,1,115
0119,왕콘치,Seaking,water,,1,0119,0119/0000/0001,1,1,119
0121,아쿠스타,Starmie,water,psychic,1,0121,0121/0000/0001,1,1,121
0122,마임맨,Mr. Mime,psychic,fairy,1,0122,0122/0000/0001,1,1,122
0124,루주라,Jynx,ice,psychic,1,0124,0124/0000/0001,1,1,124
0127,쁘사이저,Pinsir,bug,,1,0127,0127/0000/0001,1,1,127
0128,켄타로스,Tauros,normal,,1,0128,0128/0000/0001,1,1,128
0130,갸라도스,Gyarados,water,flying,1,0130,0130/0000/0001,1,1,130
0131,라프라스,Lapras,water,ice,1,0131,0131/0000/0001,1,1,131
0132,메타몽,Ditto,normal,,1,0132,0132/0000/0001,1,1,132
0134,샤미드,Vaporeon,water,,1,0134,0134/0000/0001,1,1,134
0135,쥬피썬더,Jolteon,electric,,1,0135,0135/0000/0001,1,1,135
0136,부스터,Flareon,fire,,1,0136,0136/0000/0001,1,1,136
0139,암스타,Omastar,rock,water,1,0139,0139/0000/0001,1,1,139
0141,투구푸스,Kabutops,rock,water,1,0141,0141/0000/0001,1,1,141
0142,프테라,Aerodactyl,rock,flying,1,0142,0142/0000/0001,1,1,142
0143,잠만보,Snorlax,normal,,1,0143,0143/0000/0001,1,1,143
0144,프리져,Articuno,ice,flying,1,0144,0144/0000/0001,1,1,144
0145,썬더,Zapdos,electric,flying,1,0145,0145/0000/0001,1,1,145
0146,파이어,Moltres,fire,flying,1,0146,0146/0000/0001,1,1,146
0149,망나뇽,Dragonite,dragon,flying,1,0149,0149/0000/0001,1,1,149
0150,뮤츠,Mewtwo,psychic,,1,0150,0150/0000/0001,1,1,150
0151,뮤,Mew,psychic,,1,0151,0151/0000/0001,1,1,151
0154,메가니움,Meganium,grass,,1,0154,0154/0000/0001,1,1,154
0157,블레이범,Typhlosion,fire,,1,0157,0157/0000/0001,1,1,157
0160,장크로다일,Feraligatr,water,,1,0160,0160/0000/0001,1,1,160
0162,다꼬리,Furret,normal,,1,0162,0162/0000/0001,1,1,162
0164,야부엉,Noctowl,normal,flying,1,0164,0164/0000/0001,1,1,164
0166,레디안,Ledian,bug,flying,1,0166,0166/0000/0001,1,1,166
0168,아리아도스,Ariados,bug,poison,1,0168,0168/0000/0001,1,1,168
0169,크로뱃,Crobat,poison,flying,1,0169,0169/0000/0001,1,1,169
0171,랜턴,Lanturn,water,electric,1,0171,0171/0000/0001,1,1,171
0178,네이티오,Xatu,psychic,flying,1,0178,0178/0000/0001,1,1,178
0181,전룡,Ampharos,electric,,1,0181,0181/0000/0001,1,1,181
0182,아르코,Bellossom,grass,,1,0182,0182/0000/0001,1,1,182
0184,마릴리,Azumarill,water,fairy,1,0184,0184/0000/0001,1,1,184
0185,꼬지모,Sudowoodo,rock,,1,0185,0185/0000/0001,1,1,185
0186,왕구리,Politoed,water,,1,0186,0186/0000/0001,1,1,186
0189,솜솜코,Jumpluff,grass,flying,1,0189,0189/0000/0001,1,1,189
0192,해루미,Sunflora,grass,,1,0192,0192/0000/0001,1,1,192
0195,누오,Quagsire,water,ground,1,0195,0195/0000/0001,1,1,195
0196,에브이,Espeon,psychic,,1,0196,0196/0000/0001,1,1,196
0197,블래키,Umbreon,dark,,1,0197,0197/0000/0001,1,1,197
0199,야도킹,Slowking,water,psychic,1,0199,0199/0000/0001,1,1,199
0201,안농,Unown,psychic,,1,0201,0201/0000/0001,1,1,201
0202,마자용,Wobbuffet,psychic,,1,0202,0202/0000/0001,1,1,202
0205,쏘콘,Forretress,bug,steel,1,0205,0205/0000/0001,1,1,205
0208,강철톤,Steelix,steel,ground,1,0208,0208/0000/0001,1,1,208
0210,그랑블루,Granbull,fairy,,1,0210,0210/0000/0001,1,1,210
0211,침바루,Qwilfish,water,poison,1,0211,0211/0000/0001,1,1,211
0212,핫삼,Scizor,bug,steel,1,0212,0212/0000/0001,1,1,212
0213,단단지,Shuckle,bug,rock,1,0213,0213/0000/0001,1,1,213
0214,헤라크로스,Heracross,bug,fighting,1,0214,0214/0000/0001,1,1,214
0219,마그카르고,Magcargo,fire,rock,1,0219,0219/0000/0001,1,1,219
0222,코산호,Corsola,water,rock,1,0222,0222/0000/0001,1,1,222
0224,대포무노,Octillery,water,,1,0224,0224/0000/0001,1,1,224
0225,딜리버드,Delibird,ice,flying,1,0225,0225/0000/0001,1,1,225
0226,만타인,Mantine,water,flying,1,0226,0226/0000/0001,1,1,226
0227,무장조,Skarmory,steel,flying,1,0227,0227/0000/0001,1,1,227
0229,헬가,Houndoom,dark,fire,1,0229,0229/0000/0001,1,1,229
0230,킹드라,Kingdra,water,dragon,1,0230,0230/0000/0001,1,1,230
0232,코리갑,Donphan,ground,,1,0232,0232/0000/0001,1,1,232
0235,루브도,Smeargle,normal,,1,0235,0235/0000/0001,1,1,235
0237,카포에라,Hitmontop,fighting,,1,0237,0237/0000/0001,1,1,237
0241,밀탱크,Miltank,normal,,1,0241,0241/0000/0001,1,1,241
0242,해피너스,Blissey,normal,,1,0242,0242/0000/0001,1,1,242
0243,라이코,Raikou,electric,,1,0243,0243/0000/0001,1,1,243
0244,앤테이,Entei,fire,,1,0244,0244/0000/0001,1,1,244
0245,스이쿤,Suicune,water,,1,0245,0245/0000/0001,1,1,245
0248,마기라스,Tyranitar,rock,dark,1,0248,0248/0000/0001,1,1,248
0249,루기아,Lugia,psychic,flying,1,0249,0249/0000/0001,1,1,249
0250,칠색조,Ho-Oh,fire,flying,1,0250,0250/0000/0001,1,1,250
0251,세레비,Celebi,psychic,grass,1,0251,0251/0000/0001,1,1,251
0254,나무킹,Sceptile,grass,,1,0254,0254/0000/0001,1,1,254
0257,번치코,Blaziken,fire,fighting,1,0257,0257/0000/0001,1,1,257
0260,대짱이,Swampert,water,ground,1,0260,0260/0000/0001,1,1,260
0262,그라에나,Mightyena,dark,,1,0262,0262/0000/0001,1,1,262
0264,직구리,Linoone,normal,,1,0264,0264/0000/0001,1,1,264
0267,뷰티플라이,Beautifly,bug,flying,1,0267,0267/0000/0001,1,1,267
0269,독케일,Dustox,bug,poison,1,0269,0269/0000/0001,1,1,269
0272,로파파,Ludicolo,water,grass,1,0272,0272/0000/0001,1,1,272
0275,다탱구,Shiftry,grass,dark,1,0275,0275/0000/0001,1,1,275
0277,스왈로,Swellow,normal,flying,1,0277,0277/0000/0001,1,1,277
0279,패리퍼,Pelipper,water,flying,1,0279,0279/0000/0001,1,1,279
0282,가디안,Gardevoir,psychic,fairy,1,0282,0282/0000/0001,1,1,282
0284,비나방,Masquerain,bug,flying,1,0284,0284/0000/0001,1,1,284
0286,버섯모,Breloom,grass,fighting,1,0286,0286/0000/0001,1,1,286
0289,게을킹,Slaking,normal,,1,0289,0289/0000/0001,1,1,289
0291,아이스크,Ninjask,bug,flying,1,0291,0291/0000/0001,1,1,291
0292,껍질몬,Shedinja,bug,ghost,1,0292,0292/0000/0001,1,1,292
0295,폭음룡,Exploud,normal,,1,0295,0295/0000/0001,1,1,295
0297,하리뭉,Hariyama,fighting,,1,0297,0297/0000/0001,1,1,297
0301,델케티,Delcatty,normal,,1,0301,0301/0000/0001,1,1,301
0302,깜까미,Sableye,dark,ghost,1,0302,0302/0000/0001,1,1,302
0303,입치트,Mawile,steel,fairy,1,0303,0303/0000/0001,1,1,303
0306,보스로라,Aggron,steel,rock,1,0306,0306/0000/0001,1,1,306
0308,요가램,Medicham,fighting,psychic,1,0308,0308/0000/0001,1,1,308
0310,썬더볼트,Manectric,electric,,1,0310,0310/0000/0001,1,1,310
0311,플러시,Plusle,electric,,1,0311,0311/0000/0001,1,1,311
0312,마이농,Minun,electric,,1,0312,0312/0000/0001,1,1,312
0313,볼비트,Volbeat,bug,,1,0313,0313/0000/0001,1,1,313
0314,네오비트,Illumise,bug,,1,0314,0314/0000/0001,1,1,314
0317,꿀꺽몬,Swalot,poison,,1,0317,0317/0000/0001,1,1,317
0319,샤크니아,Sharpedo,water,dark,1,0319,0319/0000/0001,1,1,319
0321,고래왕,Wailord,water,,1,0321,0321/0000/0001,1,1,321
0323,폭타,Camerupt,fire,ground,1,0323,0323/0000/0001,1,1,323
0324,코터스,Torkoal,fire,,1,0324,0324/0000/0001,1,1,324
0326,피그킹,Grumpig,psychic,,1,0326,0326/0000/0001,1,1,326
0327,얼루기,Spinda,normal,,1,0327,0327/0000/0001,1,1,327
0330,플라이곤,Flygon,ground,dragon,1,0330,0330/0000/0001,1,1,330
0332,밤선인,Cacturne,grass,dark,1,0332,0332/0000/0001,1,1,332
0334,파비코리,Altaria,dragon,flying,1,0334,0334/0000/0001,1,1,334
0335,쟝고,Zangoose,normal,,1,0335,0335/0000/0001,1,1,335
0336,세비퍼,Seviper,poison,,1,0336,0336/0000/0001,1,1,336
0337,루나톤,Lunatone,rock,psychic,1,0337,0337/0000/0001,1,1,337
0338,솔록,Solrock,rock,psychic,1,0338,0338/0000/0001,1,1,338
0340,메깅,Whiscash,water,ground,1,0340,0340/0000/0001,1,1,340
0342,가재장군,Crawdaunt,water,dark,1,0342,0342/0000/0001,1,1,342
0344,점토도리,Claydol,ground,psychic,1,0344,0344/0000/0001,1,1,344
0346,릴리요,Cradily,rock,grass,1,0346,0346/0000/0001,1,1,346
0348,아말도,Armaldo,rock,bug,1,0348,0348/0000/0001,1,1,348
0350,밀로틱,Milotic,water,,1,0350,0350/0000/0001,1,1,350
0351,캐스퐁,Castform,normal,,1,0351,0351/0000/0001,1,1,351
0352,켈리몬,Kecleon,normal,,1,0352,0352/0000/0001,1,1,352
0354,다크펫,Banette,ghost,,1,0354,0354/0000/0001,1,1,354
0357,트로피우스,Tropius,grass,flying,1,0357,0357/0000/0001,1,1,357
0358,치렁,Chimecho,psychic,,1,0358,0358/0000/0001,1,1,358
0359,앱솔,Absol,dark,,1,0359,0359/0000/0001,1,1,359
0362,얼음귀신,Glalie,ice,,1,0362,0362/0000/0001,1,1,362
0365,씨카이저,Walrein,ice,water,1,0365,0365/0000/0001,1,1,365
0367,헌테일,Huntail,water,,1,0367,0367/0000/0001,1,1,367
0368,분홍장이,Gorebyss,water,,1,0368,0368/0000/0001,1,1,368
0369,시라칸,Relicanth,water,rock,1,0369,0369/0000/0001,1,1,369
0370,사랑동이,Luvdisc,water,,1,0370,0370/0000/0001,1,1,370
0373,보만다,Salamence,dragon,flying,1,0373,0373/0000/0001,1,1,373
0376,메타그로스,Metagross,steel,psychic,1,0376,0376/0000/0001,1,1,376
0377,레지락,Regirock,rock,,1,0377,0377/0000/0001,1,1,377
0378,레지아이스,Regice,ice,,1,0378,0378/0000/0001,1,1,378
0379,레지스틸,Registeel,steel,,1,0379,0379/0000/0001,1,1,379
0380,라티아스,Latias,dragon,psychic,1,0380,0380/0000/0001,1,1,380
0381,라티오스,Latios,dragon,psychic,1,0381,0381/0000/0001,1,1,381
0382,가이오가,Kyogre,water,,1,0382,0382/0000/0001,1,1,382
0383,그란돈,Groudon,ground,,1,0383,0383/0000/0001,1,1,383
0384,레쿠쟈,Rayquaza,dragon,flying,1,0384,0384/0000/0001,1,1,384
0385,지라치,Jirachi,steel,psychic,1,0385,0385/0000/0001,1,1,385
0386,테오키스,Deoxys,psychic,,1,0386,0386/0000/0001,1,1,386
0389,토대부기,Torterra,grass,ground,1,0389,0389/0000/0001,1,1,389
0392,초염몽,Infernape,fire,fighting,1,0392,0392/0000/0001,1,1,392
0395,엠페르트,Empoleon,water,steel,1,0395,0395/0000/0001,1,1,395
0398,찌르호크,Staraptor,normal,flying,1,0398,0398/0000/0001,1,1,398
0400,비버통,Bibarel,normal,water,1,0400,0400/0000/0001,1,1,400
0402,귀뚤톡크,Kricketune,bug,,1,0402,0402/0000/0001,1,1,402
0405,렌트라,Luxray,electric,,1,0405,0405/0000/0001,1,1,405
0407,로즈레이드,Roserade,grass,poison,1,0407,0407/0000/0001,1,1,407
0409,램펄드,Rampardos,rock,,1,0409,0409/0000/0001,1,1,409
0411,바리톱스,Bastiodon,rock,steel,1,0411,0411/0000/0001,1,1,411
0413,도롱마담,Wormadam,bug,grass,1,0413,0413/0000/0001,1,1,413
0414,나메일,Mothim,bug,flying,1,0414,0414/0000/0001,1,1,414
0416,비퀸,Vespiquen,bug,flying,1,0416,0416/0000/0001,1,1,416
0417,파치리스,Pachirisu,electric,,1,0417,0417/0000/0001,1,1,417
0419,플로젤,Floatzel,water,,1,0419,0419/0000/0001,1,1,419
0421,체리꼬,Cherrim,grass,,1,0421,0421/0000/0001,1,1,421
0423,트리토돈,Gastrodon,water,ground,1,0423,0423/0000/0001,1,1,423
0424,겟핸보숭,Ambipom,normal,,1,0424,0424/0000/0001,1,1,424
0426,둥실라이드,Drifblim,ghost,flying,1,0426,0426/0000/0001,1,1,426
0428,이어롭,Lopunny,normal,,1,0428,0428/0000/0001,1,1,428
0429,무우마직,Mismagius,ghost,,1,0429,0429/0000/0001,1,1,429
0430,돈크로우,Honchkrow,dark,flying,1,0430,0430/0000/0001,1,1,430
0432,몬냥이,Purugly,normal,,1,0432,0432/0000/0001,1,1,432
0435,스컹탱크,Skuntank,poison,dark,1,0435,0435/0000/0001,1,1,435
0437,동탁군,Bronzong,steel,psychic,1,0437,0437/0000/0001,1,1,437
0441,페라페,Chatot,normal,flying,1,0441,0441/0000/0001,1,1,441
0442,화강돌,Spiritomb,ghost,dark,1,0442,0442/0000/0001,1,1,442
0445,한카리아스,Garchomp,dragon,ground,1,0445,0445/0000/0001,1,1,445
0448,루카리오,Lucario,fighting,steel,1,0448,0448/0000/0001,1,1,448
0450,하마돈,Hippowdon,ground,,1,0450,0450/0000/0001,1,1,450
0452,드래피온,Drapion,poison,dark,1,0452,0452/0000/0001,1,1,452
0454,독개굴,Toxicroak,poison,fighting,1,0454,0454/0000/0001,1,1,454
0455,무스틈니,Carnivine,grass,,1,0455,0455/0000/0001,1,1,455
0457,네오라이트,Lumineon,water,,1,0457,0457/0000/0001,1,1,457
0460,눈설왕,Abomasnow,grass,ice,1,0460,0460/0000/0001,1,1,460
0461,포푸니라,Weavile,dark,ice,1,0461,0461/0000/0001,1,1,461
0462,자포코일,Magnezone,electric,steel,1,0462,0462/0000/0001,1,1,462
0463,내룸벨트,Lickilicky,normal,,1,0463,0463/0000/0001,1,1,463
0464,거대코뿌리,Rhyperior,ground,rock,1,0464,0464/0000/0001,1,1,464
0465,덩쿠림보,Tangrowth,grass,,1,0465,0465/0000/0001,1,1,465
0466,에레키블,Electivire,electric,,1,0466,0466/0000/0001,1,1,466
0467,마그마번,Magmortar,fire,,1,0467,0467/0000/0001,1,1,467
0468,토게키스,Togekiss,fairy,flying,1,0468,0468/0000/0001,1,1,468
0469,메가자리,Yanmega,bug,flying,1,0469,0469/0000/0001,1,1,469
0470,리피아,Leafeon,grass,,1,0470,0470/0000/0001,1,1,470
0471,글레이시아,Glaceon,ice,,1,0471,0471/0000/0001,1,1,471
0472,글라이온,Gliscor,ground,flying,1,0472,0472/0000/0001,1,1,472
0473,맘모꾸리,Mamoswine,ice,ground,1,0473,0473/0000/0001,1,1,473
0474,폴리곤Z,Porygon-Z,normal,,1,0474,0474/0000/0001,1,1,474
0475,엘레이드,Gallade,psychic,fighting,1,0475,0475/0000/0001,1,1,475
0476,대코파스,Probopass,rock,steel,1,0476,0476/0000/0001,1,1,476
0477,야느와르몽,Dusknoir,ghost,,1,0477,0477/0000/0001,1,1,477
0478,눈여아,Froslass,ice,ghost,1,0478,0478/0000/0001,1,1,478
0479,로토무,Rotom,electric,ghost,1,0479,0479/0000/0001,1,1,479
0480,유크시,Uxie,psychic,,1,0480,0480/0000/0001,1,1,480
0481,엠라이트,Mesprit,psychic,,1,0481,0481/0000/0001,1,1,481
0482,아그놈,Azelf,psychic,,1,0482,0482/0000/0001,1,1,482
0483,디아루가,Dialga,steel,dragon,1,0483,0483/0000/0001,1,1,483
0484,펄기아,Palkia,water,dragon,1,0484,0484/0000/0001,1,1,484
0485,히드런,Heatran,fire,steel,1,0485,0485/0000/0001,1,1,485
0486,레지기가스,Regigigas,normal,,1,0486,0486/0000/0001,1,1,486
0487,기라티나,Giratina,ghost,dragon,1,0487,0487/0000/0001,1,1,487
0488,크레세리아,Cresselia,psychic,,1,0488,0488/0000/0001,1,1,488
0489,피오네,Phione,water,,1,0489,0489/0000/0001,1,1,489
0490,마나피,Manaphy,water,,1,0490,0490/0000/0001,1,1,490
0491,다크라이,Darkrai,dark,,1,0491,0491/0000/0001,1,1,491
0492,쉐이미,Shaymin,grass,,1,0492,0492/0000/0001,1,1,492
0493,아르세우스,Arceus,normal,,1,0493,0493/0000/0001,1,1,493
0494,비크티니,Victini,psychic,fire,1,0494,0494/0000/0001,1,1,494
0497,샤로다,Serperior,grass,,1,0497,0497/0000/0001,1,1,497
0500,염무왕,Emboar,fire,fighting,1,0500,0500/0000/0001,1,1,500
0503,대검귀,Samurott,water,,1,0503,0503/0000/0001,1,1,503
0505,보르그,Watchog,normal,,1,0505,0505/0000/0001,1,1,505
0508,바랜드,Stoutland,normal,,1,0508,0508/0000/0001,1,1,508
0510,레파르다스,Liepard,dark,,1,0510,0510/0000/0001,1,1,510
0512,야나키,Simisage,grass,,1,0512,0512/0000/0001,1,1,512
0514,바오키,Simisear,fire,,1,0514,0514/0000/0001,0,0,514
0516,앗차키,Simipour,water,,1,0516,0516/0000/0001,0,0,516
0518,몽얌나,Musharna,psychic,,1,0518,0518/0000/0001,1,1,518
0521,켄호로우,Unfezant,normal,flying,1,0521,0521/0000/0001,1,1,521
0523,제브라이카,Zebstrika,electric,,1,0523,0523/0000/0001,0,0,523
0526,기가이어스,Gigalith,rock,,1,0526,0526/0000/0001,1,1,526
0528,맘박쥐,Swoobat,psychic,flying,1,0528,0528/0000/0001,1,1,528
0530,몰드류,Excadrill,ground,steel,1,0530,0530/0000/0001,1,1,530
0531,다부니,Audino,normal,,1,0531,0531/0000/0001,1,1,531
0534,노보청,Conkeldurr,fighting,,1,0534,0534/0000/0001,1,1,534
0537,두빅굴,Seismitoad,water,ground,1,0537,0537/0000/0001,1,1,537
0538,던지미,Throh,fighting,,1,0538,0538/0000/0001,0,0,538
0539,타격귀,Sawk,fighting,,1,0539,0539/0000/0001,1,1,539
0542,모아머,Leavanny,bug,grass,1,0542,0542/0000/0001,1,1,542
0545,펜드라,Scolipede,bug,poison,1,0545,0545/0000/0001,1,1,545
0547,엘풍,Whimsicott,grass,fairy,1,0547,0547/0000/0001,1,1,547
0549,드레디어,Lilligant,grass,,1,0549,0549/0000/0001,1,1,549
0550,배쓰나이,Basculin,water,,1,0550,0550/0000/0001,1,1,550
0553,악비아르,Krookodile,ground,dark,1,0553,0553/0000/0001,1,1,553
0555,불비달마,Darmanitan,fire,,1,0555,0555/0000/0001,1,1,555
0556,마라카치,Maractus,grass,,1,0556,0556/0000/0001,1,1,556
0558,암팰리스,Crustle,bug,rock,1,0558,0558/0000/0001,0,0,558
0560,곤율거니,Scrafty,dark,fighting,1,0560,0560/0000/0001,1,1,560
0561,심보러,Sigilyph,psychic,flying,1,0561,0561/0000/0001,1,1,561
0563,데스니칸,Cofagrigus,ghost,,1,0563,0563/0000/0001,1,1,563
0565,늑골라,Carracosta,water,rock,1,0565,0565/0000/0001,0,0,565
0567,아케오스,Archeops,rock,flying,1,0567,0567/0000/0001,1,1,567
0569,더스트나,Garbodor,poison,,1,0569,0569/0000/0001,1,1,569
0571,조로아크,Zoroark,dark,,1,0571,0571/0000/0001,1,1,571
0573,치라치노,Cinccino,normal,,1,0573,0573/0000/0001,1,1,573
0576,고디모아젤,Gothitelle,psychic,,1,0576,0576/0000/0001,1,1,576
0579,란쿨루스,Reuniclus,psychic,,1,0579,0579/0000/0001,1,1,579
0581,스완나,Swanna,water,flying,1,0581,0581/0000/0001,1,1,581
0584,배바닐라,Vanilluxe,ice,,1,0584,0584/0000/0001,1,1,584
0586,바라철록,Sawsbuck,normal,grass,1,0586,0586/0000/0001,1,1,586
0587,에몽가,Emolga,electric,flying,1,0587,0587/0000/0001,1,1,587
0589,슈바르고,Escavalier,bug,steel,1,0589,0589/0000/0001,1,1,589
0591,뽀록나,Amoonguss,grass,poison,1,0591,0591/0000/0001,0,0,591
0593,탱탱겔,Jellicent,water,ghost,1,0593,0593/0000/0001,1,1,593
0594,맘복치,Alomomola,water,,1,0594,0594/0000/0001,1,1,594
0596,전툴라,Galvantula,bug,electric,1,0596,0596/0000/0001,1,1,596
0598,너트령,Ferrothorn,grass,steel,1,0598,0598/0000/0001,1,1,598
0601,기기기어르,Klinklang,steel,,1,0601,0601/0000/0001,1,1,601
0604,저리더프,Eelektross,electric,,1,0604,0604/0000/0001,1,1,604
0606,벰크,Beheeyem,psychic,,1,0606,0606/0000/0001,1,1,606
0609,샹델라,Chandelure,ghost,fire,1,0609,0609/0000/0001,1,1,609
0612,액스라이즈,Haxorus,dragon,,1,0612,0612/0000/0001,1,1,612
0614,툰베어,Beartic,ice,,1,0614,0614/0000/0001,1,1,614
0615,프리지오,Cryogonal,ice,,1,0615,0615/0000/0001,1,1,615
0617,어지리더,Accelgor,bug,,1,0617,0617/0000/0001,1,1,617
0618,메더,Stunfisk,ground,electric,1,0618,0618/0000/0001,1,1,618
0620,비조도,Mienshao,fighting,,1,0620,0620/0000/0001,1,1,620
0621,크리만,Druddigon,dragon,,1,0621,0621/0000/0001,1,1,621
0623,골루그,Golurk,ground,ghost,1,0623,0623/0000/0001,1,1,623
0626,버프론,Bouffalant,normal,,1,0626,0626/0000/0001,0,0,626
0628,워글,Braviary,normal,flying,1,0628,0628/0000/0001,1,1,628
0630,버랜지나,Mandibuzz,dark,flying,1,0630,0630/0000/0001,1,1,630
0631,앤티골,Heatmor,fire,,1,0631,0631/0000/0001,1,1,631
0632,아이앤트,Durant,bug,steel,1,0632,0632/0000/0001,1,1,632
0635,삼삼드래,Hydreigon,dark,dragon,1,0635,0635/0000/0001,1,1,635
0637,불카모스,Volcarona,bug,fire,1,0637,0637/0000/0001,1,1,637
0638,코바르온,Cobalion,steel,fighting,1,0638,0638/0000/0001,1,1,638
0639,테라키온,Terrakion,rock,fighting,1,0639,0639/0000/0001,1,1,639
0640,비리디온,Virizion,grass,fighting,1,0640,0640/0000/0001,1,1,640
0641,토네로스,Tornadus,flying,,1,0641,0641/0000/0001,1,1,641
0642,볼트로스,Thundurus,electric,flying,1,0642,0642/0000/0001,1,1,642
0643,레시라무,Reshiram,dragon,fire,1,0643,0643/0000/0001,1,1,643
0644,제크로무,Zekrom,dragon,electric,1,0644,0644/0000/0001,1,1,644
0645,랜드로스,Landorus,ground,flying,1,0645,0645/0000/0001,1,1,645
0646,큐레무,Kyurem,dragon,ice,1,0646,0646/0000/0001,1,1,646
0647,케르디오,Keldeo,water,fighting,1,0647,0647/0000/0001,1,1,647
0648,메로엣타,Meloetta,normal,psychic,1,0648,0648/0000/0001,1,1,648
0649,게노세크트,Genesect,bug,steel,1,0649,0649/0000/0001,1,1,649
0652,브리가론,Chesnaught,grass,fighting,1,0652,0652/0000/0001,1,1,652
0655,마폭시,Delphox,fire,psychic,1,0655,0655/0000/0001,1,1,655
0658,개굴닌자,Greninja,water,dark,1,0658,0658/0000/0001,1,1,658
0660,파르토,Diggersby,normal,ground,1,0660,0660/0000/0001,1,1,660
0663,파이어로,Talonflame,fire,flying,1,0663,0663/0000/0001,1,1,663
0666,비비용,Vivillon,bug,flying,1,0666,0666/0000/0001,1,1,666
0668,화염레오,Pyroar,fire,normal,1,0668,0668/0000/0001,0,0,668
0671,플라제스,Florges,fairy,,1,0671,0671/0000/0001,1,1,671
0673,고고트,Gogoat,grass,,1,0673,0673/0000/0001,1,1,673
0675,부란다,Pangoro,fighting,dark,1,0675,0675/0000/0001,1,1,675
0676,트리미앙,Furfrou,normal,,1,0676,0676/0000/0001,1,1,676
0678,냐오닉스,Meowstic,psychic,,1,0678,0678/0000/0001,1,1,678
0681,킬가르도,Aegislash,steel,ghost,1,0681,0681/0000/0001,1,1,681
0683,프레프티르,Aromatisse,fairy,,1,0683,0683/0000/0001,1,1,683
0685,나루림,Slurpuff,fairy,,1,0685,0685/0000/0001,1,1,685
0687,칼라마네로,Malamar,dark,psychic,1,0687,0687/0000/0001,1,1,687
0689,거북손데스,Barbaracle,rock,water,1,0689,0689/0000/0001,1,1,689
0691,드래캄,Dragalge,poison,dragon,1,0691,0691/0000/0001,1,1,691
0693,블로스터,Clawitzer,water,,1,0693,0693/0000/0001,1,1,693
0695,일레도리자드,Heliolisk,electric,normal,1,0695,0695/0000/0001,1,1,695
0697,견고라스,Tyrantrum,rock,dragon,1,0697,0697/0000/0001,1,1,697
0699,아마루르가,Aurorus,rock,ice,1,0699,0699/0000/0001,1,1,699
0700,님피아,Sylveon,fairy,,1,0700,0700/0000/0001,1,1,700
0701,루차불,Hawlucha,fighting,flying,1,0701,0701/0000/0001,1,1,701
0702,데덴네,Dedenne,electric,fairy,1,0702,0702/0000/0001,1,1,702
0703,멜리시,Carbink,rock,fairy,1,0703,0703/0000/0001,1,1,703
0706,미끄래곤,Goodra,dragon,,1,0706,0706/0000/0001,1,1,706
0707,클레피,Klefki,steel,fairy,1,0707,0707/0000/0001,1,1,707
0709,대로트,Trevenant,ghost,grass,1,0709,0709/0000/0001,1,1,709
0711,펌킨인,Gourgeist,ghost,grass,1,0711,0711/0000/0001,1,1,711
0713,크레베이스,Avalugg,ice,,1,0713,0713/0000/0001,1,1,713
0715,음번,Noivern,flying,dragon,1,0715,0715/0000/0001,1,1,715
0716,제르네아스,Xerneas,fairy,,1,0716,0716/0000/0001,1,1,716
0717,이벨타르,Yveltal,dark,flying,1,0717,0717/0000/0001,1,1,717
0718,지가르데,Zygarde,dragon,ground,1,0718,0718/0000/0001,1,1,718
0719,디안시,Diancie,rock,fairy,1,0719,0719/0000/0001,1,1,719
0720,후파,Hoopa,psychic,ghost,1,0720,0720/0000/0001,1,1,720
0721,볼케니온,Volcanion,fire,water,1,0721,0721/0000/0001,1,1,721
0724,모크나이퍼,Decidueye,grass,ghost,1,0724,0724/0000/0001,1,1,724
0727,어흥염,Incineroar,fire,dark,1,0727,0727/0000/0001,1,1,727
0730,누리레느,Primarina,water,fairy,1,0730,0730/0000/0001,1,1,730
0733,왕큰부리,Toucannon,normal,flying,1,0733,0733/0000/0001,1,1,733
0735,형사구스,Gumshoos,normal,,1,0735,0735/0000/0001,0,0,735
0738,투구뿌논,Vikavolt,bug,electric,1,0738,0738/0000/0001,1,1,738
0740,모단단게,Crabominable,fighting,ice,1,0740,0740/0000/0001,1,1,740
0741,춤추새,Oricorio,fire,flying,1,0741,0741/0000/0001,1,1,741
0743,에리본,Ribombee,bug,fairy,1,0743,0743/0000/0001,1,1,743
0745,루가루암,Lycanroc,rock,,1,0745,0745/0000/0001,1,1,745
0746,약어리,Wishiwashi,water,,1,0746,0746/0000/0001,1,1,746
0748,더시마사리,Toxapex,poison,water,1,0748,0748/0000/0001,1,1,748
0750,만마드,Mudsdale,ground,,1,0750,0750/0000/0001,1,1,750
0752,깨비물거미,Araquanid,water,bug,1,0752,0752/0000/0001,1,1,752
0754,라란티스,Lurantis,grass,,1,0754,0754/0000/0001,1,1,754
0756,마셰이드,Shiinotic,grass,fairy,1,0756,0756/0000/0001,0,0,756
0758,염뉴트,Salazzle,poison,fire,1,0758,0758/0000/0001,1,1,758
0760,이븐곰,Bewear,normal,fighting,1,0760,0760/0000/0001,1,1,760
0763,달코퀸,Tsareena,grass,,1,0763,0763/0000/0001,1,1,763
0764,큐아링,Comfey,fairy,,1,0764,0764/0000/0001,1,1,764
0765,하랑우탄,Oranguru,normal,psychic,1,0765,0765/0000/0001,0,0,765
0766,내던숭이,Passimian,fighting,,1,0766,0766/0000/0001,1,1,766
0768,갑주무사,Golisopod,bug,water,1,0768,0768/0000/0001,1,1,768
0770,모래성이당,Palossand,ghost,ground,1,0770,0770/0000/0001,1,1,770
0771,해무기,Pyukumuku,water,,1,0771,0771/0000/0001,1,1,771
0773,실버디,Silvally,normal,,1,0773,0773/0000/0001,1,1,773
0774,메테노,Minior,rock,flying,1,0774,0774/0000/0001,1,1,774
0775,자말라,Komala,normal,,1,0775,0775/0000/0001,1,1,775
0776,폭거북스,Turtonator,fire,dragon,1,0776,0776/0000/0001,1,1,776
0777,토게데마루,Togedemaru,electric,steel,1,0777,0777/0000/0001,1,1,777
0778,따라큐,Mimikyu,ghost,fairy,1,0778,0778/0000/0001,1,1,778
0779,치갈기,Bruxish,water,psychic,1,0779,0779/0000/0001,1,1,779
0780,할비롱,Drampa,normal,dragon,1,0780,0780/0000/0001,1,1,780
0781,타타륜,Dhelmise,ghost,grass,1,0781,0781/0000/0001,1,1,781
0784,짜랑고우거,Kommo-o,dragon,fighting,1,0784,0784/0000/0001,1,1,784
0785,카푸꼬꼬꼭,Tapu Koko,electric,fairy,1,0785,0785/0000/0001,1,1,785
0786,카푸나비나,Tapu Lele,psychic,fairy,1,0786,0786/0000/0001,1,1,786
0787,카푸브루루,Tapu Bulu,grass,fairy,1,0787,0787/0000/0001,1,1,787
0788,카푸느지느,Tapu Fini,water,fairy,1,0788,0788/0000/0001,1,1,788
0791,솔가레오,Solgaleo,psychic,steel,1,0791,0791/0000/0001,1,1,791
0792,루나아라,Lunala,psychic,ghost,1,0792,0792/0000/0001,1,1,792
0793,텅비드,Nihilego,rock,poison,1,0793,0793/0000/0001,1,1,793
0794,매시붕,Buzzwole,bug,fighting,1,0794,0794/0000/0001,1,1,794
0795,페로코체,Pheromosa,bug,fighting,1,0795,0795/0000/0001,1,1,795
0796,전수목,Xurkitree,electric,,1,0796,0796/0000/0001,1,1,796
0797,철화구야,Celesteela,steel,flying,1,0797,0797/0000/0001,1,1,797
0798,종이신도,Kartana,grass,steel,1,0798,0798/0000/0001,1,1,798
0799,악식킹,Guzzlord,dark,dragon,1,0799,0799/0000/0001,1,1,799
0800,네크로즈마,Necrozma,psychic,,1,0800,0800/0000/0001,1,1,800
0801,마기아나,Magearna,steel,fairy,1,0801,0801/0000/0001,1,1,801
0802,마샤도,Marshadow,fighting,ghost,1,0802,0802/0000/0001,1,1,802
0804,아고용,Naganadel,poison,dragon,1,0804,0804/0000/0001,1,1,804
0805,차곡차곡,Stakataka,rock,steel,1,0805,0805/0000/0001,1,1,805
0806,두파팡,Blacephalon,fire,ghost,1,0806,0806/0000/0001,1,1,806
0807,제라오라,Zeraora,electric,,1,0807,0807/0000/0001,1,1,807
0809,멜메탈,Melmetal,steel,,1,0809,0809/0000/0001,1,1,809
0812,고릴타,Rillaboom,grass,,1,0812,0812/0000/0001,1,1,812
0815,에이스번,Cinderace,fire,,1,0815,0815/0000/0001,1,1,815
0818,인텔리레온,Inteleon,water,,1,0818,0818/0000/0001,1,1,818
0820,요씽리스,Greedent,normal,,1,0820,0820/0000/0001,1,0,820
0823,아머까오,Corviknight,flying,steel,1,0823,0823/0000/0001,1,1,823
0826,이올브,Orbeetle,bug,psychic,1,0826,0826/0000/0001,1,1,826
0828,폭슬라이,Thievul,dark,,1,0828,0828/0000/0001,1,1,828
0830,백솜모카,Eldegoss,grass,,1,0830,0830/0000/0001,1,1,830
0832,배우르,Dubwool,normal,,1,0832,0832/0000/0001,1,1,832
0834,갈가부기,Drednaw,water,rock,1,0834,0834/0000/0001,1,1,834
0836,펄스멍,Boltund,electric,,1,0836,0836/0000/0001,1,1,836
0839,석탄산,Coalossal,rock,fire,1,0839,0839/0000/0001,0,0,839
0841,애프룡,Flapple,grass,dragon,1,0841,0841/0000/0001,1,1,841
0842,단지래플,Appletun,grass,dragon,1,0842,0842/0000/0001,1,1,842
0844,사다이사,Sandaconda,ground,,1,0844,0844/0000/0001,1,1,844
0845,윽우지,Cramorant,flying,water,1,0845,0845/0000/0001,1,1,845
0847,꼬치조,Barraskewda,water,,1,0847,0847/0000/0001,1,0,847
0849,스트린더,Toxtricity,electric,poison,1,0849,0849/0000/0001,1,1,849
0851,다태우지네,Centiskorch,fire,bug,1,0851,0851/0000/0001,1,1,851
0853,케오퍼스,Grapploct,fighting,,1,0853,0853/0000/0001,1,1,853
0855,포트데스,Polteageist,ghost,,1,0855,0855/0000/0001,1,1,855
0858,브리무음,Hatterene,psychic,fairy,1,0858,0858/0000/0001,1,1,858
0861,오롱털,Grimmsnarl,dark,fairy,1,0861,0861/0000/0001,1,1,861
0862,가로막구리,Obstagoon,dark,normal,1,0862,0862/0000/0001,1,1,862
0863,나이킹,Perrserker,steel,,1,0863,0863/0000/0001,1,1,863
0864,산호르곤,Cursola,ghost,,1,0864,0864/0000/0001,1,1,864
0865,창파나이트,Sirfetch’d,fighting,,1,0865,0865/0000/0001,1,1,865
0866,마임꽁꽁,Mr. Rime,ice,psychic,1,0866,0866/0000/0001,0,0,866
0867,데스판,Runerigus,ground,ghost,1,0867,0867/0000/0001,1,1,867
0869,마휘핑,Alcremie,fairy,,1,0869,0869/0000/0001,1,1,869
0870,대여르,Falinks,fighting,,1,0870,0870/0000/0001,0,0,870
0871,찌르성게,Pincurchin,electric,,1,0871,0871/0000/0001,1,1,871
0873,모스노우,Frosmoth,ice,bug,1,0873,0873/0000/0001,1,1,873
0874,돌헨진,Stonjourner,rock,,1,0874,0874/0000/0001,1,1,874
0875,빙큐보,Eiscue,ice,,1,0875,0875/0000/0001,1,1,875
0876,에써르,Indeedee,psychic,normal,1,0876,0876/0000/0001,1,1,876
0877,모르페코,Morpeko,electric,dark,1,0877,0877/0000/0001,1,1,877
0879,대왕끼리동,Copperajah,steel,,1,0879,0879/0000/0001,1,1,879
0880,파치래곤,Dracozolt,electric,dragon,1,0880,0880/0000/0001,1,1,880
0881,파치르돈,Arctozolt,electric,ice,1,0881,0881/0000/0001,1,1,881
0882,어래곤,Dracovish,water,dragon,1,0882,0882/0000/0001,1,1,882
0883,어치르돈,Arctovish,water,ice,1,0883,0883/0000/0001,1,1,883
0887,드래펄트,Dragapult,dragon,ghost,1,0887,0887/0000/0001,1,1,887
0888,자시안,Zacian,fairy,,1,0888,0888/0000/0001,1,1,888
0889,자마젠타,Zamazenta,fighting,,1,0889,0889/0000/0001,1,1,889
0890,무한다이노,Eternatus,poison,dragon,1,0890,0890/0000/0001,1,1,890
0892,우라오스,Urshifu,fighting,dark,1,0892,0892/0000/0001,1,1,892
0893,자루도,Zarude,dark,grass,1,0893,0893/0000/0001,0,0,893
0894,레지에레키,Regieleki,electric,,1,0894,0894/0000/0001,1,1,894
0895,레지드래고,Regidrago,dragon,,1,0895,0895/0000/0001,1,1,895
0896,블리자포스,Glastrier,ice,,1,0896,0896/0000/0001,1,0,896
0897,레이스포스,Spectrier,ghost,,1,0897,0897/0000/0001,1,1,897
0898,버드렉스,Calyrex,psychic,grass,1,0898,0898/0000/0001,1,1,898
0899,신비록,Wyrdeer,normal,psychic,1,0899,0899/0000/0001,1,1,899
0900,사마자르,Kleavor,bug,rock,1,0900,0900/0000/0001,1,1,900
0901,다투곰,Ursaluna,ground,normal,1,0901,0901/0000/0001,1,1,901
0902,대쓰여너,Basculegion,water,ghost,1,0902,0902/0000/0001,1,1,902
0903,포푸니크,Sneasler,fighting,poison,1,0903,0903/0000/0001,1,1,903
0904,장침바루,Overqwil,dark,poison,1,0904,0904/0000/0001,1,1,904
0905,러브로스,Enamorus,fairy,flying,1,0905,0905/0000/0001,1,1,905
0908,마스카나,Meowscarada,grass,dark,1,0908,0908/0000/0001,1,1,908
0911,라우드본,Skeledirge,fire,ghost,1,0911,0911/0000/0001,1,1,911
0914,웨이니발,Quaquaval,water,fighting,1,0914,0914/0000/0001,1,1,914
0916,퍼퓨돈,Oinkologne,normal,,1,0916,0916/0000/0001,1,0,916
0918,트래피더,Spidops,bug,,1,0918,0918/0000/0001,1,1,918
0920,엑스레그,Lokix,bug,dark,1,0920,0920/0000/0001,1,1,920
0923,빠르모트,Pawmot,electric,fighting,1,0923,0923/0000/0001,1,1,923
0925,파밀리쥐,Maushold,normal,,1,0925,0925/0000/0001,1,1,925
0927,바우첼,Dachsbun,fairy,,1,0927,0927/0000/0001,1,1,927
0930,올리르바,Arboliva,grass,normal,1,0930,0930/0000/0001,1,1,930
0931,시비꼬,Squawkabilly,normal,flying,1,0931,0931/0000/0001,0,0,931
0934,콜로솔트,Garganacl,rock,,1,0934,0934/0000/0001,1,1,934
0936,카디나르마,Armarouge,fire,psychic,1,0936,0936/0000/0001,1,1,936
0937,파라블레이즈,Ceruledge,fire,ghost,1,0937,0937/0000/0001,1,1,937
0939,찌리배리,Bellibolt,electric,,1,0939,0939/0000/0001,1,1,939
0941,찌리비크,Kilowattrel,electric,flying,1,0941,0941/0000/0001,1,1,941
0943,마피티프,Mabosstiff,dark,,1,0943,0943/0000/0001,0,0,943
0945,태깅구르,Grafaiai,poison,normal,1,0945,0945/0000/0001,1,1,945
0947,공푸리,Brambleghast,grass,ghost,1,0947,0947/0000/0001,0,0,947
0949,육파리,Toedscruel,ground,grass,1,0949,0949/0000/0001,0,0,949
0950,절벼게,Klawf,rock,,1,0950,0950/0000/0001,0,0,950
0952,스코빌런,Scovillain,grass,fire,1,0952,0952/0000/0001,1,1,952
0954,베라카스,Rabsca,bug,psychic,1,0954,0954/0000/0001,0,0,954
0956,클레스퍼트라,Espathra,psychic,,1,0956,0956/0000/0001,0,0,956
0959,두드리짱,Tinkaton,fairy,steel,1,0959,0959/0000/0001,1,1,959
0961,바닥트리오,Wugtrio,water,,1,0961,0961/0000/0001,1,1,961
0962,떨구새,Bombirdier,flying,dark,1,0962,0962/0000/0001,0,0,962
0964,돌핀맨,Palafin,water,,1,0964,0964/0000/0001,1,1,964
0966,부르르룸,Revavroom,steel,poison,1,0966,0966/0000/0001,1,1,966
0967,모토마,Cyclizar,dragon,normal,1,0967,0967/0000/0001,1,1,967
0968,꿈트렁,Orthworm,steel,,1,0968,0968/0000/0001,1,1,968
0970,킬라플로르,Glimmora,rock,poison,1,0970,0970/0000/0001,1,1,970
0972,묘두기,Houndstone,ghost,,1,0972,0972/0000/0001,1,1,972
0973,꼬이밍고,Flamigo,flying,fighting,1,0973,0973/0000/0001,0,0,973
0975,우락고래,Cetitan,ice,,1,0975,0975/0000/0001,1,1,975
0976,가비루사,Veluza,water,psychic,1,0976,0976/0000/0001,1,1,976
0977,어써러셔,Dondozo,water,,1,0977,0977/0000/0001,1,1,977
0978,싸리용,Tatsugiri,dragon,water,1,0978,0978/0000/0001,1,1,978
0979,저승갓숭,Annihilape,fighting,ghost,1,0979,0979/0000/0001,1,1,979
0980,토오,Clodsire,poison,ground,1,0980,0980/0000/0001,1,1,980
0981,키키링,Farigiraf,normal,psychic,1,0981,0981/0000/0001,1,1,981
0982,노고고치,Dudunsparce,normal,,1,0982,0982/0000/0001,1,1,982
0983,대도각참,Kingambit,dark,steel,1,0983,0983/0000/0001,1,1,983
0984,위대한엄니,Great Tusk,ground,fighting,1,0984,0984/0000/0001,1,1,984
0985,우렁찬꼬리,Scream Tail,fairy,psychic,1,0985,0985/0000/0001,1,1,985
0986,사나운버섯,Brute Bonnet,grass,dark,1,0986,0986/0000/0001,0,0,986
0987,날개치는머리,Flutter Mane,ghost,fairy,1,0987,0987/0000/0001,1,1,987
0988,땅을기는날개,Slither Wing,bug,fighting,1,0988,0988/0000/0001,1,1,988
0989,모래털가죽,Sandy Shocks,electric,ground,1,0989,0989/0000/0001,1,1,989
0990,무쇠바퀴,Iron Treads,ground,steel,1,0990,0990/0000/0001,1,1,990
0991,무쇠보따리,Iron Bundle,ice,water,1,0991,0991/0000/0001,1,1,991
0992,무쇠손,Iron Hands,fighting,electric,1,0992,0992/0000/0001,1,1,992
0993,무쇠머리,Iron Jugulis,dark,flying,1,0993,0993/0000/0001,0,0,993
0994,무쇠독나방,Iron Moth,fire,poison,1,0994,0994/0000/0001,1,1,994
0995,무쇠가시,Iron Thorns,rock,electric,1,0995,0995/0000/0001,1,1,995
0998,드닐레이브,Baxcalibur,dragon,ice,1,0998,0998/0000/0001,1,1,998
1000,타부자고,Gholdengo,steel,ghost,1,1000,1000/0000/0001,1,1,1000
1001,총지엔,Wo-Chien,dark,grass,1,1001,1001/0000/0001,0,0,1001
1002,파오젠,Chien-Pao,dark,ice,1,1002,1002/0000/0001,0,0,1002
1003,딩루,Ting-Lu,dark,ground,1,1003,1003/0000/0001,1,1,1003
1004,위유이,Chi-Yu,dark,fire,1,1004,1004/0000/0001,1,1,1004
1005,고동치는달,Roaring Moon,dragon,dark,1,1005,1005/0000/0001,1,1,1005
1006,무쇠무인,Iron Valiant,fairy,fighting,1,1006,1006/0000/0001,1,1,1006
1007,코라이돈,Koraidon,fighting,dragon,1,1007,1007/0000/0001,1,0,1007
1008,미라이돈,Miraidon,electric,dragon,1,1008,1008/0000/0001,0,0,1008
1009,굽이치는물결,Walking Wake,water,dragon,1,1009,1009/0000/0001,1,1,1009
1010,무쇠잎새,Iron Leaves,grass,psychic,1,1010,1010/0000/0001,1,1,1010
1013,그우린차,Sinistcha,grass,ghost,1,1013,1013/0000/0001,1,1,1013
1014,조타구,Okidogi,poison,fighting,1,1014,1014/0000/0001,0,0,1014
1015,이야후,Munkidori,poison,psychic,1,1015,1015/0000/0001,1,1,1015
1016,기로치,Fezandipiti,poison,fairy,1,1016,1016/0000/0001,1,1,1016
1017,오거폰,Ogerpon,grass,,1,1017,1017/0000/0001,1,1,1017
1018,브리두라스,Archaludon,steel,dragon,1,1018,1018/0000/0001,1,1,1018
1019,과미드라,Hydrapple,grass,dragon,1,1019,1019/0000/0001,1,1,1019
1020,꿰뚫는화염,Gouging Fire,fire,dragon,1,1020,1020/0000/0001,1,1,1020
1021,날뛰는우레,Raging Bolt,electric,dragon,1,1021,1021/0000/0001,1,1,1021
1022,무쇠암석,Iron Boulder,rock,psychic,1,1022,1022/0000/0001,0,0,1022
1023,무쇠감투,Iron Crown,steel,psychic,1,1023,1023/0000/0001,0,0,1023
1024,테라파고스,Terapagos,normal,,1,1024,1024/0000/0001,1,1,1024
1025,복숭악동,Pecharunt,poison,ghost,1,1025,1025/0000/0001,1,1,1025
